{"cameraMode":{"drawMode":0,"name":"Shaded","section":"Shading Mode"},"sceneLighting":true,"audioPlay":false,"sceneViewState":{"m_AlwaysRefresh":false,"showFog":true,"showSkybox":true,"showFlares":true,"showImageEffects":true,"showParticleSystems":true,"showVisualEffectGraphs":true,"m_FxEnabled":true},"in2DMode":false,"pivot":{"x":0.12999999523162843,"y":1.8499999046325684,"z":2.059999942779541},"rotation":{"x":-0.2941390872001648,"y":0.2722521126270294,"z":-0.08780991286039353,"w":-0.9119648933410645},"size":2.9402554035186769,"orthographic":false}