{"cameraMode":{"drawMode":0,"name":"Shaded","section":"Shading Mode"},"sceneLighting":true,"audioPlay":false,"sceneViewState":{"m_AlwaysRefresh":false,"showFog":true,"showSkybox":true,"showFlares":true,"showImageEffects":true,"showParticleSystems":true,"showVisualEffectGraphs":true,"m_FxEnabled":true},"in2DMode":false,"pivot":{"x":0.7899997234344482,"y":12.779999732971192,"z":-5.450001239776611},"rotation":{"x":-0.2693968713283539,"y":0.03957786783576012,"z":-0.011080573312938214,"w":-0.9621667861938477},"size":0.3987220525741577,"orthographic":false}