{"cameraMode":{"drawMode":0,"name":"Shaded","section":"Shading Mode"},"sceneLighting":true,"audioPlay":false,"sceneViewState":{"m_AlwaysRefresh":false,"showFog":true,"showSkybox":true,"showFlares":true,"showImageEffects":true,"showParticleSystems":true,"showVisualEffectGraphs":true,"m_FxEnabled":true},"in2DMode":false,"pivot":{"x":1.9912092685699463,"y":13.851518630981446,"z":-18.312191009521486},"rotation":{"x":0.27393314242362978,"y":0.011826782487332821,"z":-0.003366186050698161,"w":0.9616760611534119},"size":0.042269572615623477,"orthographic":false}