{"cameraMode":{"drawMode":0,"name":"Shaded","section":"Shading Mode"},"sceneLighting":true,"audioPlay":false,"sceneViewState":{"m_AlwaysRefresh":false,"showFog":true,"showSkybox":true,"showFlares":true,"showImageEffects":true,"showParticleSystems":true,"showVisualEffectGraphs":true,"m_FxEnabled":true},"in2DMode":false,"pivot":{"x":4.4643659591674809,"y":3.5809078216552736,"z":5.375638008117676},"rotation":{"x":0.15966828167438508,"y":-0.8311591744422913,"z":0.3029279410839081,"w":0.43810632824897768},"size":2.0799190998077394,"orthographic":false}