{"cameraMode":{"drawMode":0,"name":"Shaded","section":"Shading Mode"},"sceneLighting":true,"audioPlay":false,"sceneViewState":{"m_AlwaysRefresh":false,"showFog":true,"showSkybox":true,"showFlares":true,"showImageEffects":true,"showParticleSystems":true,"showVisualEffectGraphs":true,"m_FxEnabled":true},"in2DMode":false,"pivot":{"x":4.041750431060791,"y":4.490246295928955,"z":23.01955795288086},"rotation":{"x":-0.0016618968220427633,"y":-0.9916121363639832,"z":0.12863221764564515,"w":-0.012799275107681752},"size":7.497986793518066,"orthographic":false}